{"train_loss": 2.5303731018846687, "val_loss": 2.424046198527018, "train_precision": 0.2877393364906311, "train_recall": 0.2877393364906311, "val_precision": 0.29883041977882385, "val_recall": 0.29883041977882385, "_timestamp": 1691948014.425446, "_runtime": 1221.455824136734, "_step": 3}