{"train_loss": 1.1675486312671142, "val_loss": 1.2641300757726033, "train_precision": 0.2649217103015293, "train_recall": 0.2738180441612547, "val_precision": 0.22487195829550424, "val_recall": 0.2438757469256719, "_timestamp": 1691997884.966487, "_runtime": 15160.893249034882, "_step": 49, "_wandb": {"runtime": 15161}}