{"train_loss": 0.021697425114864426, "val_loss": 0.02061596595251513, "_timestamp": 1691727818.7208695, "_runtime": 270.7484884262085, "_step": 0}