{"train_loss": 0.5449036578140637, "val_loss": 0.9754506468772888, "train_precision": 0.4449137911790668, "train_recall": 0.44480252656901237, "val_precision": 0.34767518639564515, "val_recall": 0.35233902633190156, "_timestamp": 1692666087.927042, "_runtime": 34793.59834599495, "_step": 49}