{"epoch/loss": 0.010412541218101978, "epoch/prec": 0.9989186525344849, "epoch/rec": 0.9979793429374695, "epoch/val_loss": 0.9287174344062805, "epoch/val_prec": 0.8143460154533386, "epoch/val_rec": 0.7628458738327026, "epoch/epoch": 38, "epoch/learning_rate": 0.009999999776482582, "_timestamp": 1691781945.5950494, "_runtime": 7025.742627382278, "_step": 38, "_wandb": {"runtime": 7237}}