{"train_loss": 1.4235965067690068, "val_loss": 1.3560909827550252, "train_precision": 0.21910195323553952, "train_recall": 0.20792140418832952, "val_precision": 0.22165007392565408, "val_recall": 0.20604769885540009, "_timestamp": 1691968511.957071, "_runtime": 15182.32561302185, "_step": 49, "_wandb": {"runtime": 15182}}