{"train_loss": 0.009331132265633677, "val_loss": 0.01316413200891065, "_timestamp": 1691739826.3938782, "_runtime": 6463.209415197372, "_step": 23}