{"train_loss": 0.7334827083222409, "val_loss": 0.681388795375824, "train_precision": 0.3806634672144626, "train_recall": 0.4095574773795216, "val_precision": 0.43639303743839264, "val_recall": 0.4552062749862671, "_timestamp": 1692825182.7823772, "_runtime": 12650.571681261063, "_step": 49, "_wandb": {"runtime": 12660}}