{"train_loss": 1.2693428984770538, "val_loss": 1.2857946157455444, "train_precision": 0.2384922759118655, "train_recall": 0.23586535305841594, "val_precision": 0.23920225352048874, "val_recall": 0.22484391182661057, "_timestamp": 1692785872.9794645, "_runtime": 12501.612406492233, "_step": 49, "_wandb": {"runtime": 12502}}