{"train_loss": 0.002022355318221997, "val_loss": 0.0, "_timestamp": 1691727262.4327962, "_runtime": 288.624605178833, "_step": 0}