{"train_loss": 1.1572996462490541, "val_loss": 1.3651413321495056, "train_precision": 0.25892124076684314, "train_recall": 0.26722473202022257, "val_precision": 0.2532951533794403, "val_recall": 0.19656425714492798, "_timestamp": 1692789602.2056897, "_runtime": 3240.0165407657623, "_step": 12}