{"train_loss": 0.015520906398789057, "val_loss": 0.015491916256930988, "_timestamp": 1691728666.1020877, "_runtime": 273.17561173439026, "_step": 0}