{"train_loss": 0.011972968009558535, "val_loss": 0.013171236034438543, "_timestamp": 1691731735.4702716, "_runtime": 2706.395360469818, "_step": 9, "_wandb": {"runtime": 2706}}