{"train_loss": 0.8838083217344662, "val_loss": 0.9552681565284729, "train_precision": 0.33248164556404153, "train_recall": 0.33255799760175225, "val_precision": 0.3149089187383652, "val_recall": 0.3010130047798157, "_timestamp": 1692628778.8908257, "_runtime": 34817.86700177193, "_step": 49, "_wandb": {"runtime": 34818}}