{"train_loss": 0.8159813989292491, "val_loss": 0.9064188400904337, "train_precision": 0.3623996901241216, "train_recall": 0.37760404321280394, "val_precision": 0.2875457356373469, "val_recall": 0.30387507875760394, "_timestamp": 1692034192.5622723, "_runtime": 15154.724391222, "_step": 49, "_wandb": {"runtime": 15445}}