{"train_loss": 0.7373636232181029, "val_loss": 0.9492041269938151, "train_precision": 0.3885406110774387, "train_recall": 0.4044805026867173, "val_precision": 0.3322320580482483, "val_recall": 0.33696868518988293, "_timestamp": 1692047538.2677727, "_runtime": 5172.36284661293, "_step": 16}