{"train_loss": 0.5878613693069439, "val_loss": 0.8502795100212097, "train_precision": 0.44615715742111206, "train_recall": 0.4651665239005673, "val_precision": 0.3703741431236267, "val_recall": 0.39693188667297363, "_timestamp": 1692247403.1650393, "_runtime": 40208.50196123123, "_step": 145}