{"train_loss": 0.4073923087241698, "val_loss": 0.6619004905223846, "train_precision": 0.5198577829465574, "train_recall": 0.5331252992761378, "val_precision": 0.4407465308904648, "val_recall": 0.4934449940919876, "_timestamp": 1692301829.042399, "_runtime": 54260.73115801811, "_step": 196}