{"train_loss": 2.865894842147827, "val_loss": 2.6262686252593994, "train_precision": 0.03489582451822405, "train_recall": 0.019665910199877214, "val_precision": 0.03900921965638796, "val_recall": 0.033631288136045136, "_timestamp": 1691953304.6802342, "_runtime": 312.48017930984497, "_step": 0}