{"train_loss": 0.012732843045557605, "val_loss": 0.013087458761313215, "_timestamp": 1691771227.5849884, "_runtime": 2692.9273834228516, "_step": 9}