{"train_loss": 0.9323275025854719, "val_loss": 0.9707867205142975, "train_precision": 0.31385897469858753, "train_recall": 0.3461677689924308, "val_precision": 0.30534350872039795, "val_recall": 0.28557781875133514, "_timestamp": 1692812346.3878808, "_runtime": 12620.56998372078, "_step": 49, "_wandb": {"runtime": 12621}}