{"train_loss": 0.6114535589109767, "val_loss": 0.6448339025179545, "train_precision": 0.4383407159285112, "train_recall": 0.4539801623333584, "val_precision": 0.4128768841425578, "val_recall": 0.4196360905965169, "_timestamp": 1692064556.3166366, "_runtime": 15165.618351459503, "_step": 49}