{"epoch/loss": 0.008976908400654793, "epoch/prec": 0.9990587830543518, "epoch/rec": 0.9980993866920471, "epoch/val_loss": 0.1855073869228363, "epoch/val_prec": 0.9497991800308228, "epoch/val_rec": 0.9347826242446899, "epoch/epoch": 49, "epoch/learning_rate": 0.009999999776482582, "_timestamp": 1691791304.1234677, "_runtime": 9027.884821653366, "_step": 49}