{"train_loss": 0.7174699081615968, "val_loss": 0.8385439316431681, "train_precision": 0.39663753834637727, "train_recall": 0.41307540847496554, "val_precision": 0.3041357547044754, "val_recall": 0.3114624520142873, "_timestamp": 1692040909.0469267, "_runtime": 6419.293127775192, "_step": 20}