{"train_loss": 2.289652791890231, "val_loss": 2.2177391846974692, "train_precision": 0.08387570255859332, "train_recall": 0.08963396384973418, "val_precision": 0.1002319132288297, "val_recall": 0.07894059643149376, "_timestamp": 1691982333.490469, "_runtime": 1526.2441320419312, "_step": 4, "_wandb": {"runtime": 1644}}