{"train_loss": 1.6970516156066549, "val_loss": 1.6248921553293865, "train_precision": 0.17620567659085448, "train_recall": 0.16589245891029183, "val_precision": 0.1813974827528, "val_recall": 0.15993781884511313, "_timestamp": 1691973510.7200735, "_runtime": 4871.241009473801, "_step": 15}