{"train_loss": 0.6554016234181451, "val_loss": 0.7559780478477478, "train_precision": 0.4148135322628292, "train_recall": 0.44165174272043484, "val_precision": 0.41286805272102356, "val_recall": 0.4178132712841034, "_timestamp": 1692831523.5896664, "_runtime": 6323.212964296341, "_step": 24}