{"train_loss": 0.015249989712306955, "val_loss": 0.015541439942220453, "_timestamp": 1691767909.0909069, "_runtime": 545.2561218738556, "_step": 1, "_wandb": {"runtime": 1165}}