{"train_loss": 2.2285491173917595, "val_loss": 2.2131248315175376, "train_precision": 0.36674071591008794, "train_recall": 0.36674071591008794, "val_precision": 0.387894739707311, "val_recall": 0.387894739707311, "_timestamp": 1691951439.281165, "_runtime": 3036.3496828079224, "_step": 9}